Company,Symbol,Weight,Security,SEC_filings,GICS,GICS_Sub_Industry,Headquarters_Location,Date_First_Added,CIK,Founded
Agilent Technologies Inc.,A,0.117804,Agilent Technologies,reports,Health Care,Health Care Equipment,"Santa Clara, California",2000-06-05,1090872,1999
American Airlines Group Inc.,AAL,0.028874,American Airlines Group,reports,Industrials,Airlines,"Fort Worth, Texas",2015-03-23,6201,1934
Advance Auto Parts Inc.,AAP,0.038548,Advance Auto Parts,reports,Consumer Discretionary,Automotive Retail,"Raleigh, North Carolina",2015-07-09,1158449,1932
Apple Inc.,AAPL,6.840133,Apple,reports,Information Technology,"Technology Hardware, Storage & Peripherals","Cupertino, California",1982-11-30,320193,1977
AbbVie Inc.,ABBV,0.598127,AbbVie,reports,Health Care,Pharmaceuticals,"North Chicago, Illinois",2012-12-31,1551152,2013 (1888)
AmerisourceBergen Corporation,ABC,0.048312,AmerisourceBergen,reports,Health Care,Health Care Distributors,"Chesterbrook, Pennsylvania",2001-08-30,1140859,1985
ABIOMED Inc.,ABMD,0.037046,Abiomed,reports,Health Care,Health Care Equipment,"Danvers, Massachusetts",2018-05-31,815094,1981
Abbott Laboratories,ABT,0.616986,Abbott Laboratories,reports,Health Care,Health Care Equipment,"North Chicago, Illinois",1964-03-31,1800,1888
Accenture Plc Class A,ACN,0.630764,Accenture,reports,Information Technology,IT Consulting & Other Services,"Dublin, Ireland",2011-07-06,1467373,1989
Adobe Inc.,ADBE,0.675321,Adobe,reports,Information Technology,Application Software,"San Jose, California",1997-05-05,796343,1982
Analog Devices Inc.,ADI,0.233684,Analog Devices,reports,Information Technology,Semiconductors,"Wilmington, Massachusetts",1999-10-12,6281,1965
Archer-Daniels-Midland Company,ADM,0.092712,ADM,reports,Consumer Staples,Agricultural Products,"Chicago, Illinois",1981-07-29,7084,1902
Automatic Data Processing Inc.,ADP,0.250443,Automatic Data Processing,reports,Information Technology,Data Processing & Outsourced Services,"Roseland, New Jersey",1981-03-31,8670,1949
Autodesk Inc.,ADSK,0.156218,Autodesk,reports,Information Technology,Application Software,"San Rafael, California",1989-12-01,769397,1982
Ameren Corporation,AEE,0.057451,Ameren Corp,reports,Utilities,Multi-Utilities,"St. Louis, Missouri",1991-09-19,1002910,1902
American Electric Power Company Inc.,AEP,0.112677,American Electric Power,reports,Utilities,Electric Utilities,"Columbus, Ohio",1957-03-04,4904,1906
AES Corporation,AES,0.039934,AES Corp,reports,Utilities,Independent Power Producers & Energy Traders,"Arlington, Virginia",1998-10-02,874761,1981
Aflac Incorporated,AFL,0.088155,Aflac,reports,Financials,Life & Health Insurance,"Columbus, Georgia",1999-05-28,4977,1955
American International Group Inc.,AIG,0.113565,American International Group,reports,Financials,Property & Casualty Insurance,"New York City, New York",1980-03-31,5272,1919
Assurant Inc.,AIZ,0.022406,Assurant,reports,Financials,Multi-line Insurance,"New York City, New York",2007-04-10,1267238,1892
Arthur J. Gallagher & Co.,AJG,0.087564,Arthur J. Gallagher & Co.,reports,Financials,Insurance Brokers,"Rolling Meadows, Illinois",2016-05-31,354190,1927
Akamai Technologies Inc.,AKAM,0.047946,Akamai Technologies,reports,Information Technology,Internet Services & Infrastructure,"Cambridge, Massachusetts",2007-07-12,1086222,1998
Albemarle Corporation,ALB,0.065848,Albemarle Corporation,reports,Materials,Specialty Chemicals,"Charlotte, North Carolina",2016-07-01,915913,1994
Align Technology Inc.,ALGN,0.112607,Align Technology,reports,Health Care,Health Care Supplies,"San Jose, California",2017-06-19,1097149,1997
Alaska Air Group Inc.,ALK,0.01593,Alaska Air Group,reports,Industrials,Airlines,"Seattle, Washington",2016-05-13,766421,1985
Allstate Corporation,ALL,0.083232,Allstate Corp,reports,Financials,Property & Casualty Insurance,"Northfield Township, Illinois",1995-07-13,899051,1931
Allegion PLC,ALLE,0.028769,Allegion,reports,Industrials,Building Products,"New York City, New York",2013-12-02,1579241,1908
Applied Materials Inc.,AMAT,0.338502,Applied Materials,reports,Information Technology,Semiconductor Equipment,"Santa Clara, California",1995-03-16,6951,1967
Amcor PLC,AMCR,0.046155,Amcor,reports,Materials,Paper Packaging,"Warmley, Bristol, United Kingdom",2019-06-07,1748790,2019 (1860)
Advanced Micro Devices Inc.,AMD,0.42471,Advanced Micro Devices,reports,Information Technology,Semiconductors,"Santa Clara, California",,2488,1969
AMETEK Inc.,AME,0.082938,Ametek,reports,Industrials,Electrical Components & Equipment,"Berwyn, Pennsylvania",2013-09-23,1037868,1930
Amgen Inc.,AMGN,0.322087,Amgen,reports,Health Care,Biotechnology,"Thousand Oaks, California",1992-01-02,318154,1980
Ameriprise Financial Inc.,AMP,0.083302,Ameriprise Financial,reports,Financials,Asset Management & Custody Banks,"Minneapolis, Minnesota",2005-10-03,820027,1894
American Tower Corporation,AMT,0.32678,American Tower,reports,Real Estate,Specialized REITs,"Boston, Massachusetts",2007-11-19,1053507,1995
Amazon.com Inc.,AMZN,3.768085,Amazon,reports,Consumer Discretionary,Internet & Direct Marketing Retail,"Seattle, Washington",2005-11-18,1018724,1994
Arista Networks Inc.,ANET,0.077908,Arista Networks,reports,Information Technology,Communications Equipment,"Santa Clara, California",2018-08-28,1596532,2004
ANSYS Inc.,ANSS,0.08674,Ansys,reports,Information Technology,Application Software,"Canonsburg, Pennsylvania",2017-06-19,1013462,1969
Anthem Inc.,ANTM,0.276533,Anthem,reports,Health Care,Managed Health Care,"Indianapolis, Indiana",2002-07-25,1156039,2014 (1946)
Aon Plc Class A,AON,0.165479,Aon,reports,Financials,Insurance Brokers,"London, UK",1996-04-23,315293,1982 (1919)
A. O. Smith Corporation,AOS,0.027249,A. O. Smith,reports,Industrials,Building Products,"Milwaukee, Wisconsin",2017-07-26,91142,1916
APA Corp.,APA,0.02351,APA Corporation,reports,Energy,Oil & Gas Exploration & Production,"Houston, Texas",1997-07-28,6769,1954
Air Products and Chemicals Inc.,APD,0.168553,Air Products & Chemicals,reports,Materials,Industrial Gases,"Allentown, Pennsylvania",1985-04-30,2969,1940
Amphenol Corporation Class A,APH,0.125272,Amphenol,reports,Information Technology,Electronic Components,"Wallingford, Connecticut",2008-09-30,820313,1932
Aptiv PLC,APTV,0.107076,Aptiv,reports,Consumer Discretionary,Auto Parts & Equipment,"Dublin, Ireland",2012-12-24,1521332,1994
Alexandria Real Estate Equities Inc.,ARE,0.078432,Alexandria Real Estate Equities,reports,Real Estate,Office REITs,"Pasadena, California",2017-03-20,1035443,1994
Atmos Energy Corporation,ATO,0.033524,Atmos Energy,reports,Utilities,Gas Utilities,"Dallas, Texas",2019-02-15,731802,1906
Activision Blizzard Inc.,ATVI,0.124046,Activision Blizzard,reports,Communication Services,Interactive Home Entertainment,"Santa Monica, California",2015-08-31,718877,2008
AvalonBay Communities Inc.,AVB,0.087043,AvalonBay Communities,reports,Real Estate,Residential REITs,"Arlington, Virginia[3]",2007-01-10,915912,1978
Broadcom Inc.,AVGO,0.686451,Broadcom,reports,Information Technology,Semiconductors,"San Jose, California",2014-05-08,1730168,1961
Avery Dennison Corporation,AVY,0.043303,Avery Dennison,reports,Materials,Paper Packaging,"Glendale, California",1987-12-31,8818,1990
American Water Works Company Inc.,AWK,0.085561,American Water Works,reports,Utilities,Water Utilities,"Camden, New Jersey",2016-03-04,1410636,1886
American Express Company,AXP,0.252837,American Express,reports,Financials,Consumer Finance,"New York City, New York",1976-06-30,4962,1850
AutoZone Inc.,AZO,0.108061,AutoZone,reports,Consumer Discretionary,Specialty Stores,"Memphis, Tennessee",1997-01-02,866787,1979
Boeing Company,BA,0.268011,Boeing,reports,Industrials,Aerospace & Defense,"Chicago, Illinois",1957-03-04,12927,1916
Bank of America Corp,BAC,0.803551,Bank of America,reports,Financials,Diversified Banks,"Charlotte, North Carolina",1976-06-30,70858,1998 (1923 / 1874)
Baxter International Inc.,BAX,0.10645,Baxter International,reports,Health Care,Health Care Equipment,"Deerfield, Illinois",1972-09-30,10456,1931
Bath & Body Works Inc.,BBWI,0.046447,Bath & Body Works,reports,Consumer Discretionary,Specialty Stores,"Columbus, Ohio",1983-09-30,701985,1963
Best Buy Co. Inc.,BBY,0.055549,Best Buy,reports,Consumer Discretionary,Computer & Electronics Retail,"Richfield, Minnesota",1999-06-29,764478,1966
Becton Dickinson and Company,BDX,0.187117,Becton Dickinson,reports,Health Care,Health Care Equipment,"Franklin Lakes, New Jersey",1972-09-30,10795,1897
Franklin Resources Inc.,BEN,0.022811,Franklin Resources,reports,Financials,Asset Management & Custody Banks,"San Mateo, California",,38777,1947
Brown-Forman Corporation Class B,BF-B,0.033955,Brown–Forman,reports,Consumer Staples,Distillers & Vintners,"Louisville, Kentucky",1982-10-31,14693,1870
Biogen Inc.,BIIB,0.091108,Biogen,reports,Health Care,Biotechnology,"Cambridge, Massachusetts",2003-11-13,875045,1978
Bio-Rad Laboratories Inc. Class A,BIO,0.040446,Bio-Rad Laboratories,reports,Health Care,Life Sciences Tools & Services,"Hercules, California",2020-06-22,12208,1952
Bank of New York Mellon Corporation,BK,0.110921,BNY Mellon,reports,Financials,Asset Management & Custody Banks,"New York City, New York",1995-03-31,1390777,1784
Booking Holdings Inc.,BKNG,0.234063,Booking Holdings,reports,Consumer Discretionary,Internet & Direct Marketing Retail,"Norwalk, Connecticut",2009-11-06,1075531,1996
Baker Hughes Company Class A,BKR,0.052146,Baker Hughes,reports,Energy,Oil & Gas Equipment & Services,"Houston, Texas",2017-07-07,1701605,2017
BlackRock Inc.,BLK,0.330831,BlackRock,reports,Financials,Asset Management & Custody Banks,"New York City, New York",2011-04-04,1364742,1988
Ball Corporation,BLL,0.075871,Ball Corp,reports,Materials,Metal & Glass Containers,"Broomfield, Colorado",1984-10-31,9389,1880
Bristol-Myers Squibb Company,BMY,0.353621,Bristol Myers Squibb,reports,Health Care,Health Care Distributors,"New York City, New York",1957-03-04,14272,1989
Broadridge Financial Solutions Inc.,BR,0.051508,Broadridge Financial Solutions,reports,Information Technology,Data Processing & Outsourced Services,"Lake Success, New York",2018-06-18,1383312,1962
Berkshire Hathaway Inc. Class B,BRK-B,1.371199,Berkshire Hathaway,reports,Financials,Multi-Sector Holdings,"Omaha, Nebraska",2010-02-16,1067983,1839
Brown & Brown Inc.,BRO,0.039784,Brown & Brown,reports,Financials,Insurance Brokers,"Daytona Beach, Florida",2021-09-20,79282,1939
Boston Scientific Corporation,BSX,0.145163,Boston Scientific,reports,Health Care,Health Care Equipment,"Marlborough, Massachusetts[4]",1995-02-24,885725,1979
BorgWarner Inc.,BWA,0.02607,BorgWarner,reports,Consumer Discretionary,Auto Parts & Equipment,"Auburn Hills, Michigan",2011-12-19,908255,1880
Boston Properties Inc.,BXP,0.040813,Boston Properties,reports,Real Estate,Office REITs,"Boston, Massachusetts",2006-04-03,1037540,1970
Citigroup Inc.,C,0.298958,Citigroup,reports,Financials,Diversified Banks,"New York City, New York",1988-05-31,831001,1998
Conagra Brands Inc.,CAG,0.042542,Conagra Brands,reports,Consumer Staples,Packaged Foods & Meats,"Chicago, Illinois",1983-08-31,23217,1919
Cardinal Health Inc.,CAH,0.036782,Cardinal Health,reports,Health Care,Health Care Distributors,"Dublin, Ohio",1997-05-27,721371,1971
Carrier Global Corp.,CARR,0.11401,Carrier Global,reports,Industrials,Building Products,"Palm Beach Gardens, Florida",2020-04-03,1783180,2020 (1915)
Caterpillar Inc.,CAT,0.273347,Caterpillar,reports,Industrials,Construction Machinery & Heavy Trucks,"Deerfield, Illinois",1957-03-04,18230,1925
Chubb Limited,CB,0.206865,Chubb,reports,Financials,Property & Casualty Insurance,"Zurich, Switzerland",2010-07-15,896159,1985
Cboe Global Markets Inc,CBOE,0.034673,Cboe Global Markets,reports,Financials,Financial Exchanges & Data,"Chicago, Illinois",2017-03-01,1374310,1973
CBRE Group Inc. Class A,CBRE,0.085742,CBRE,reports,Real Estate,Real Estate Services,"Dallas, Texas",2006-11-10,1138118,1906
Crown Castle International Corp,CCI,0.225485,Crown Castle,reports,Real Estate,Specialized REITs,"Houston, Texas",2012-03-14,1051470,1994
Carnival Corporation,CCL,0.038951,Carnival Corporation,reports,Consumer Discretionary,"Hotels, Resorts & Cruise Lines","Miami, Florida",1998-12-22,815097,1972
Ceridian HCM Holding Inc.,CDAY,0.034173,Ceridian,reports,Information Technology,Application Software,"Minneapolis, Minnesota",2021-09-20,1725057,1992
Cadence Design Systems Inc.,CDNS,0.126649,Cadence Design Systems,reports,Information Technology,Application Software,"San Jose, California",2017-09-18,813672,1988
CDW Corp.,CDW,0.066252,CDW,reports,Information Technology,Technology Distributors,"Lincolnshire, Illinois",2019-09-23,1402057,1984
Celanese Corporation,CE,0.044703,Celanese,reports,Materials,Specialty Chemicals,"Irving, Texas",2018-12-24,1306830,1918
Cerner Corporation,CERN,0.069008,Cerner,reports,Health Care,Health Care Technology,"North Kansas City, Missouri",2010-04-30,804753,1979
CF Industries Holdings Inc.,CF,0.035678,CF Industries,reports,Materials,Fertilizers & Agricultural Chemicals,"Deerfield, Illinois",2008-08-27,1324404,1946
Citizens Financial Group Inc.,CFG,0.04891,Citizens Financial Group,reports,Financials,Regional Banks,"Providence, Rhode Island",2016-01-29,759944,1828
Church & Dwight Co. Inc.,CHD,0.062616,Church & Dwight,reports,Consumer Staples,Household Products,"Ewing, New Jersey",2015-12-29,313927,1847
C.H. Robinson Worldwide Inc.,CHRW,0.034243,C. H. Robinson,reports,Industrials,Air Freight & Logistics,"Eden Prairie, Minnesota",2007-03-02,1043277,1905
Charter Communications Inc. Class A,CHTR,0.206841,Charter Communications,reports,Communication Services,Cable & Satellite,"Stamford, Connecticut",2016-09-08,1091667,1993
Cigna Corporation,CI,0.185921,Cigna,reports,Health Care,Managed Health Care,"Bloomfield, Connecticut",1976-06-30,1739940,1982
Cincinnati Financial Corporation,CINF,0.042557,Cincinnati Financial,reports,Financials,Property & Casualty Insurance,"Fairfield, Ohio",1997-12-18,20286,1950
Colgate-Palmolive Company,CL,0.179652,Colgate-Palmolive,reports,Consumer Staples,Household Products,"New York City, New York",1957-03-04,21665,1806
Clorox Company,CLX,0.055974,Clorox,reports,Consumer Staples,Household Products,"Oakland, California",1969-03-31,21076,1913
Comerica Incorporated,CMA,0.028308,Comerica,reports,Financials,Diversified Banks,"Dallas, Texas",1995-12-01,28412,1849
Comcast Corporation Class A,CMCSA,0.571587,Comcast,reports,Communication Services,Cable & Satellite,"Philadelphia, Pennsylvania",2002-11-19,1166691,1963
CME Group Inc. Class A,CME,0.2057,CME Group,reports,Financials,Financial Exchanges & Data,"Chicago, Illinois",2006-08-11,1156375,1848
Chipotle Mexican Grill Inc.,CMG,0.121696,Chipotle Mexican Grill,reports,Consumer Discretionary,Restaurants,"Newport Beach, California",2011-04-28,1058090,1993
Cummins Inc.,CMI,0.076698,Cummins,reports,Industrials,Industrial Machinery,"Columbus, Indiana",1965-03-31,26172,1919
CMS Energy Corporation,CMS,0.048382,CMS Energy,reports,Utilities,Multi-Utilities,"Jackson, Michigan",1999-05-03,811156,1886
Centene Corporation,CNC,0.124025,Centene,reports,Health Care,Managed Health Care,"St. Louis, Missouri",2016-03-30,1071739,1984
CenterPoint Energy Inc.,CNP,0.04391,CenterPoint Energy,reports,Utilities,Multi-Utilities,"Houston, Texas",1985-07-31,1130310,1882
Capital One Financial Corporation,COF,0.152209,Capital One,reports,Financials,Consumer Finance,"Tysons Corner, Virginia",1998-07-01,927628,1994
Cooper Companies Inc.,COO,0.049526,The Cooper Companies,reports,Health Care,Health Care Supplies,"San Ramon, California",2016-09-23,711404,1958
ConocoPhillips,COP,0.233913,ConocoPhillips,reports,Energy,Oil & Gas Exploration & Production,"Houston, Texas",1957-03-04,1163165,2002
Costco Wholesale Corporation,COST,0.626626,Costco,reports,Consumer Staples,Hypermarkets & Super Centers,"Issaquah, Washington",1993-10-01,909832,1976
Campbell Soup Company,CPB,0.022795,Campbell Soup,reports,Consumer Staples,Packaged Foods & Meats,"Camden, New Jersey",1957-03-04,16732,1869
Copart Inc.,CPRT,0.078322,Copart,reports,Industrials,Diversified Support Services,"Dallas, Texas",2018-07-02,900075,1982
Charles River Laboratories International Inc.,CRL,0.046454,Charles River Laboratories,reports,Health Care,Life Sciences Tools & Services,"Wilmington, Massachusetts",2021-05-14,1100682,1947
salesforce.com inc.,CRM,0.625742,Salesforce,reports,Information Technology,Application Software,"San Francisco, California",2008-09-15,1108524,1999
Cisco Systems Inc.,CSCO,0.65819,Cisco Systems,reports,Information Technology,Communications Equipment,"San Jose, California",1993-12-01,858877,1984
CSX Corporation,CSX,0.202468,CSX,reports,Industrials,Railroads,"Jacksonville, Florida",1967-09-30,277948,1980
Cintas Corporation,CTAS,0.097076,Cintas Corporation,reports,Industrials,Diversified Support Services,"Mason, Ohio",2001-03-01,723254,1929
Catalent Inc,CTLT,0.05257,Catalent,reports,Health Care,Pharmaceuticals,"Somerset, New Jersey",2020-09-21,1596783,2007
Coterra Energy Inc.,CTRA,0.040712,Coterra,reports,Energy,Oil & Gas Exploration & Production,"Houston, Texas",2008-06-23,858470,2021 (1989)
Cognizant Technology Solutions Corporation Class A,CTSH,0.112469,Cognizant Technology Solutions,reports,Information Technology,IT Consulting & Other Services,"Teaneck, New Jersey",2006-11-17,1058290,1994
Corteva Inc,CTVA,0.084816,Corteva,reports,Materials,Fertilizers & Agricultural Chemicals,"Wilmington, Delaware",2019-06-03,1755672,2019
Citrix Systems Inc.,CTXS,0.026763,Citrix Systems,reports,Information Technology,Application Software,"Fort Lauderdale, Florida",1999-12-01,877890,1989
CVS Health Corporation,CVS,0.341324,CVS Health,reports,Health Care,Health Care Services,"Woonsocket, Rhode Island",1957-03-04,64803,1996
Chevron Corporation,CVX,0.566949,Chevron,reports,Energy,Integrated Oil & Gas,"San Ramon, California",1957-03-04,93410,1879
Caesars Entertainment Inc,CZR,0.046764,Caesars Entertainment,reports,Consumer Discretionary,Casinos & Gaming,"Reno, Nevada",2021-03-22,1590895,1973
Dominion Energy Inc,D,0.162672,Dominion Energy,reports,Utilities,Electric Utilities,"Richmond, Virginia",,715957,1983
Delta Air Lines Inc.,DAL,0.060065,Delta Air Lines,reports,Industrials,Airlines,"Atlanta, Georgia",2013-09-11,27904,1929
DuPont de Nemours Inc.,DD,0.101532,DuPont,reports,Materials,Specialty Chemicals,"Wilmington, Delaware",2019-04-02,1666700,2017
Deere & Company,DE,0.248135,Deere & Co.,reports,Industrials,Agricultural & Farm Machinery,"Moline, Illinois",1957-03-04,315189,1837
Discover Financial Services,DFS,0.084718,Discover Financial Services,reports,Financials,Consumer Finance,"Riverwoods, Illinois",2007-07-02,1393612,1985
Dollar General Corporation,DG,0.134373,Dollar General,reports,Consumer Discretionary,General Merchandise Stores,"Goodlettsville, Tennessee",2012-12-03,29534,1939
Quest Diagnostics Incorporated,DGX,0.054067,Quest Diagnostics,reports,Health Care,Health Care Services,"Secaucus, New Jersey",2002-12-12,1022079,1967
D.R. Horton Inc.,DHI,0.085283,D. R. Horton,reports,Consumer Discretionary,Homebuilding,"Arlington, Texas",2005-06-22,882184,1978
Danaher Corporation,DHR,0.516773,Danaher,reports,Health Care,Health Care Equipment,"Washington, D.C.",,313616,1969
Walt Disney Company,DIS,0.688124,The Walt Disney Company,reports,Communication Services,Movies & Entertainment,"Burbank, California",1976-06-30,1744489,1923
Discovery Inc. Class A,DISCA,0.009651,Discovery (Series A),reports,Communication Services,Broadcasting,"New York City, New York",2010-03-01,1437107,1985
Discovery Inc. Class C,DISCK,0.016644,Discovery (Series C),reports,Communication Services,Broadcasting,"New York City, New York",2014-08-07,1437107,1985
DISH Network Corporation Class A,DISH,0.020166,Dish Network,reports,Communication Services,Cable & Satellite,"Meridian, Colorado",2017-03-13,1001082,1980
Digital Realty Trust Inc.,DLR,0.124795,Digital Realty Trust,reports,Real Estate,Specialized REITs,"Austin, Texas",2016-05-18,1297996,2004
Dollar Tree Inc.,DLTR,0.079294,Dollar Tree,reports,Consumer Discretionary,General Merchandise Stores,"Chesapeake, Virginia",2011-12-19,935703,1986
Dover Corporation,DOV,0.062578,Dover Corporation,reports,Industrials,Industrial Machinery,"Downers Grove, Illinois",1985-10-31,29905,1955
Dow Inc.,DOW,0.102999,Dow,reports,Materials,Commodity Chemicals,"Midland, Michigan",2019-04-01,1751788,2019
Domino's Pizza Inc.,DPZ,0.050478,Domino's Pizza,reports,Consumer Discretionary,Restaurants,"Ann Arbor, Michigan",2020-05-12,1286681,1960
Duke Realty Corporation,DRE,0.060555,Duke Realty,reports,Real Estate,Industrial REITs,"Indianapolis, Indiana",2017-07-26,783280,1972
Darden Restaurants Inc.,DRI,0.046432,Darden Restaurants,reports,Consumer Discretionary,Restaurants,"Orlando, Florida",,940944,1938
DTE Energy Company,DTE,0.058578,DTE Energy,reports,Utilities,Multi-Utilities,"Detroit, Michigan",1957-03-04,936340,1995
Duke Energy Corporation,DUK,0.205844,Duke Energy,reports,Utilities,Electric Utilities,"Charlotte, North Carolina",1976-06-30,1326160,1904
DaVita Inc.,DVA,0.018575,DaVita,reports,Health Care,Health Care Facilities,"Denver, Colorado",2008-07-31,927066,1979
Devon Energy Corporation,DVN,0.06217,Devon Energy,reports,Energy,Oil & Gas Exploration & Production,"Oklahoma City, Oklahoma",2000-08-30,1090012,1971
DXC Technology Co.,DXC,0.019492,DXC Technology,reports,Information Technology,IT Consulting & Other Services,"Tysons Corner, Virginia",2017-04-04,1688568,2017
DexCom Inc.,DXCM,0.136041,DexCom,reports,Health Care,Health Care Equipment,"San Diego, California",2020-05-12,1093557,1999
Electronic Arts Inc.,EA,0.095411,Electronic Arts,reports,Communication Services,Interactive Home Entertainment,"Redwood City, California",2002-07-22,712515,1982
eBay Inc.,EBAY,0.105021,eBay,reports,Consumer Discretionary,Internet & Direct Marketing Retail,"San Jose, California",2002-07-22,1065088,1995
Ecolab Inc.,ECL,0.143909,Ecolab,reports,Materials,Specialty Chemicals,"Saint Paul, Minnesota",1989-01-31,31462,1923
Consolidated Edison Inc.,ED,0.076863,Consolidated Edison,reports,Utilities,Electric Utilities,"New York City, New York",,1047862,1823
Equifax Inc.,EFX,0.086762,Equifax,reports,Industrials,Research & Consulting Services,"Atlanta, Georgia",1997-06-19,33185,1899
Edison International,EIX,0.065792,Edison International,reports,Utilities,Electric Utilities,"Rosemead, California",1957-03-04,827052,1886
Estee Lauder Companies Inc. Class A,EL,0.206805,Estée Lauder Companies,reports,Consumer Staples,Personal Products,"New York City, New York",2006-01-05,1001250,1946
Eastman Chemical Company,EMN,0.04056,Eastman Chemical,reports,Materials,Diversified Chemicals,"Kingsport, Tennessee",1994-01-01,915389,1920
Emerson Electric Co.,EMR,0.138031,Emerson Electric,reports,Industrials,Electrical Components & Equipment,"Ferguson, Missouri",1965-03-31,32604,1890
Enphase Energy Inc.,ENPH,0.062099,Enphase Energy,reports,Information Technology,Electronic Components,"Fremont, California",2021-01-07,1463101,2006
EOG Resources Inc.,EOG,0.125953,EOG Resources,reports,Energy,Oil & Gas Exploration & Production,"Houston, Texas",2000-11-02,821189,1999
EPAM Systems Inc.,EPAM,0.091363,EPAM Systems,reports,Information Technology,IT Consulting & Other Services,"Newtown, Pennsylvania",2021-12-14,1352010,1993
Equinix Inc.,EQIX,0.190534,Equinix,reports,Real Estate,Specialized REITs,"Redwood City, California",2015-03-20,1101239,1998
Equity Residential,EQR,0.076279,Equity Residential,reports,Real Estate,Residential REITs,"Chicago, Illinois",2001-12-03,906107,1969
Eversource Energy,ES,0.079535,Eversource Energy,reports,Utilities,Multi-Utilities,"Hartford, Connecticut",,72741,1966
Essex Property Trust Inc.,ESS,0.056563,Essex Property Trust,reports,Real Estate,Residential REITs,"San Mateo, California",2014-04-02,920522,1971
Eaton Corp. Plc,ETN,0.168783,Eaton,reports,Industrials,Electrical Components & Equipment,"Dublin, Ireland",,1551182,1911
Entergy Corporation,ETR,0.05675,Entergy,reports,Utilities,Electric Utilities,"New Orleans, Louisiana",1957-03-04,65984,1913
Etsy Inc.,ETSY,0.071618,Etsy,reports,Consumer Discretionary,Internet & Direct Marketing Retail,"New York City, New York",2020-09-21,1370637,2005
Evergy Inc.,EVRG,0.039515,Evergy,reports,Utilities,Electric Utilities,"Kansas City, Missouri",2018-06-05,1711269,1909
Edwards Lifesciences Corporation,EW,0.193106,Edwards Lifesciences,reports,Health Care,Health Care Equipment,"Irvine, California",2011-04-01,1099800,1958
Exelon Corporation,EXC,0.13477,Exelon,reports,Utilities,Multi-Utilities,"Chicago, Illinois",1957-03-04,1109357,2000
Expeditors International of Washington Inc.,EXPD,0.055687,Expeditors,reports,Industrials,Air Freight & Logistics,"Seattle, Washington",2007-10-10,746515,1979
Expedia Group Inc.,EXPE,0.061319,Expedia Group,reports,Consumer Discretionary,Internet & Direct Marketing Retail,"Seattle, Washington",2007-10-02,1324424,1996
Extra Space Storage Inc.,EXR,0.074546,Extra Space Storage,reports,Real Estate,Specialized REITs,"Salt Lake City, Utah",2016-01-19,1289490,1977
Ford Motor Company,F,0.196676,Ford,reports,Consumer Discretionary,Automobile Manufacturers,"Dearborn, Michigan",1957-03-04,37996,1903
Diamondback Energy Inc.,FANG,0.04354,Diamondback Energy,reports,Energy,Oil & Gas Exploration & Production,"Midland, Texas",2018-12-03,1539838,2007
Fastenal Company,FAST,0.090959,Fastenal,reports,Industrials,Building Products,"Winona, Minnesota",2008-09-15,815556,1967
Meta Platforms Inc. Class A,FB,1.990986,Meta Platforms,reports,Communication Services,Interactive Media & Services,"Menlo Park, California",2013-12-23,1326801,2004
Fortune Brands Home & Security Inc.,FBHS,0.034586,Fortune Brands Home & Security,reports,Industrials,Building Products,"Deerfield, Illinois",2016-06-22,1519751,2011 (1969)
Freeport-McMoRan Inc.,FCX,0.141827,Freeport-McMoRan,reports,Materials,Copper,"Phoenix, Arizona",,831259,1912
FedEx Corporation,FDX,0.15599,FedEx,reports,Industrials,Air Freight & Logistics,"Memphis, Tennessee",1980-12-31,1048911,1971
FirstEnergy Corp.,FE,0.056555,FirstEnergy,reports,Utilities,Electric Utilities,"Akron, Ohio",,1031296,1997
F5 Inc.,FFIV,0.035708,F5,reports,Information Technology,Communications Equipment,"Seattle, Washington",2010-12-20,1048695,1996
Fidelity National Information Services Inc.,FIS,0.164748,Fidelity National Information Services,reports,Information Technology,Data Processing & Outsourced Services,"Jacksonville, Florida",2006-11-10,1136893,1968
Fiserv Inc.,FISV,0.154626,Fiserv,reports,Information Technology,Data Processing & Outsourced Services,"Brookfield, Wisconsin",2001-04-02,798354,1984
Fifth Third Bancorp,FITB,0.073385,Fifth Third Bancorp,reports,Financials,Regional Banks,"Cincinnati, Ohio",,35527,1858
FLEETCOR Technologies Inc.,FLT,0.044995,Fleetcor,reports,Information Technology,Data Processing & Outsourced Services,"Norcross, Georgia",2018-06-20,1175454,2000
FMC Corporation,FMC,0.033973,FMC Corporation,reports,Materials,Fertilizers & Agricultural Chemicals,"Philadelphia, Pennsylvania",2009-08-19,37785,1883
Fox Corporation Class B,FOX,0.012945,Fox Corporation (Class B),reports,Communication Services,Movies & Entertainment,"New York City, New York",2015-09-18,1754301,2019
Fox Corporation Class A,FOXA,0.030375,Fox Corporation (Class A),reports,Communication Services,Movies & Entertainment,"New York City, New York",2013-07-01,1754301,2019
First Republic Bank,FRC,0.090937,First Republic Bank,reports,Financials,Regional Banks,"San Francisco, California",2019-01-02,1132979,1985
Federal Realty Investment Trust,FRT,0.02308,Federal Realty Investment Trust,reports,Real Estate,Retail REITs,"Rockville, Maryland",2016-02-01,34903,1962
Fortinet Inc.,FTNT,0.115664,Fortinet,reports,Information Technology,Systems Software,"Sunnyvale, California",2018-10-11,1262039,2000
Fortive Corp.,FTV,0.066134,Fortive,reports,Industrials,Industrial Machinery,"Everett, Washington",2016-07-01,1659166,2016
General Dynamics Corporation,GD,0.118376,General Dynamics,reports,Industrials,Aerospace & Defense,"Falls Church, Virginia",1957-03-04,40533,1899
General Electric Company,GE,0.254907,General Electric,reports,Industrials,Industrial Conglomerates,"Boston, Massachusetts",,40545,1892
Gilead Sciences Inc.,GILD,0.234518,Gilead Sciences,reports,Health Care,Biotechnology,"Foster City, California",2004-07-01,882095,1987
General Mills Inc.,GIS,0.106065,General Mills,reports,Consumer Staples,Packaged Foods & Meats,"Golden Valley, Minnesota",1969-03-31,40704,1856
Globe Life Inc.,GL,0.020981,Globe Life,reports,Financials,Life & Health Insurance,"McKinney, Texas",1989-04-30,320335,1900
Corning Inc,GLW,0.071615,Corning,reports,Information Technology,Electronic Components,"Corning, New York",,24741,1851
General Motors Company,GM,0.20248,General Motors,reports,Consumer Discretionary,Automobile Manufacturers,"Detroit, Michigan",2013-06-06,1467858,1908
Generac Holdings Inc.,GNRC,0.056369,Generac Holdings,reports,Industrials,Electrical Components & Equipment,"Waukesha, Wisconsin",2021-03-22,1474735,1959
Alphabet Inc. Class C,GOOG,2.058806,Alphabet (Class C),reports,Communication Services,Interactive Media & Services,"Mountain View, California",2006-04-03,1652044,1998
Alphabet Inc. Class A,GOOGL,2.20259,Alphabet (Class A),reports,Communication Services,Interactive Media & Services,"Mountain View, California",2014-04-03,1652044,1998
Genuine Parts Company,GPC,0.048554,Genuine Parts,reports,Consumer Discretionary,Specialty Stores,"Atlanta, Georgia",1973-12-31,40987,1925
Global Payments Inc.,GPN,0.093751,Global Payments,reports,Information Technology,Data Processing & Outsourced Services,"Atlanta, Georgia",2016-04-25,1123360,2000
Gap Inc.,GPS,0.008939,Gap,reports,Consumer Discretionary,Apparel Retail,"San Francisco, California",1986-08-31,39911,1969
Garmin Ltd.,GRMN,0.050252,Garmin,reports,Consumer Discretionary,Consumer Electronics,"Schaffhausen, Switzerland",2012-12-12,1121788,1989
Goldman Sachs Group Inc.,GS,0.326144,Goldman Sachs,reports,Financials,Investment Banking & Brokerage,"New York City, New York",2002-07-22,886982,1869
W.W. Grainger Inc.,GWW,0.055258,W. W. Grainger,reports,Industrials,Industrial Machinery,"Lake Forest, Illinois",1981-06-30,277135,1927
Halliburton Company,HAL,0.050091,Halliburton,reports,Energy,Oil & Gas Equipment & Services,"Houston, Texas",1957-03-04,45012,1919
Hasbro Inc.,HAS,0.031872,Hasbro,reports,Consumer Discretionary,Leisure Products,"Pawtucket, Rhode Island",1984-09-30,46080,1923
Huntington Bancshares Incorporated,HBAN,0.055401,Huntington Bancshares,reports,Financials,Regional Banks,"Columbus, Ohio; Detroit, Michigan",,49196,1866
HCA Healthcare Inc,HCA,0.152062,HCA Healthcare,reports,Health Care,Health Care Facilities,"Nashville, Tennessee",2015-01-27,860730,1968
Home Depot Inc.,HD,1.062466,Home Depot,reports,Consumer Discretionary,Home Improvement Retail,"Atlanta, Georgia",1988-03-31,354950,1978
Hess Corporation,HES,0.050576,Hess Corporation,reports,Energy,Integrated Oil & Gas,"New York City, New York",1984-05-31,4447,1919
Hartford Financial Services Group Inc.,HIG,0.059212,The Hartford,reports,Financials,Property & Casualty Insurance,"Hartford, Connecticut",1957-03-04,874766,1810
Huntington Ingalls Industries Inc.,HII,0.018609,Huntington Ingalls Industries,reports,Industrials,Aerospace & Defense,"Newport News, Virginia",2018-01-03,1501585,2011
Hilton Worldwide Holdings Inc,HLT,0.100968,Hilton Worldwide,reports,Consumer Discretionary,"Hotels, Resorts & Cruise Lines","Tysons Corner, Virginia",2017-06-19,1585689,1919
Hologic Inc.,HOLX,0.050665,Hologic,reports,Health Care,Health Care Equipment,"Marlborough, Massachusetts",2016-03-30,859737,1985
Honeywell International Inc.,HON,0.35575,Honeywell,reports,Industrials,Industrial Conglomerates,"Charlotte, North Carolina",1964-03-31,773840,1906
Hewlett Packard Enterprise Co.,HPE,0.050068,Hewlett Packard Enterprise,reports,Information Technology,"Technology Hardware, Storage & Peripherals","Houston, Texas",2015-11-02,1645590,2015
HP Inc.,HPQ,0.107638,HP,reports,Information Technology,"Technology Hardware, Storage & Peripherals","Palo Alto, California",1974-12-31,47217,1939 (2015)
Hormel Foods Corporation,HRL,0.035396,Hormel,reports,Consumer Staples,Packaged Foods & Meats,"Austin, Minnesota",2009-03-04,48465,1891
Henry Schein Inc.,HSIC,0.026277,Henry Schein,reports,Health Care,Health Care Distributors,"Melville, New York",2015-03-17,1000228,1932
Host Hotels & Resorts Inc.,HST,0.028413,Host Hotels & Resorts,reports,Real Estate,Hotel & Resort REITs,"Bethesda, Maryland",2007-03-20,1070750,1993
Hershey Company,HSY,0.070477,The Hershey Company,reports,Consumer Staples,Packaged Foods & Meats,"Hershey, Pennsylvania",1957-03-04,47111,1894
Humana Inc.,HUM,0.149583,Humana,reports,Health Care,Managed Health Care,"Louisville, Kentucky",,49071,1961
Howmet Aerospace Inc.,HWM,0.029154,Howmet Aerospace,reports,Industrials,Aerospace & Defense,"Pittsburgh, Pennsylvania",1964-03-31,4281,2016
International Business Machines Corporation,IBM,0.29394,IBM,reports,Information Technology,IT Consulting & Other Services,"Armonk, New York",1957-03-04,51143,1911
Intercontinental Exchange Inc.,ICE,0.192665,Intercontinental Exchange,reports,Financials,Financial Exchanges & Data,"Atlanta, Georgia",2007-09-26,1571949,2000
IDEXX Laboratories Inc.,IDXX,0.132655,Idexx Laboratories,reports,Health Care,Health Care Equipment,"Westbrook, Maine",2017-01-05,874716,1983
IDEX Corporation,IEX,0.043838,IDEX Corporation,reports,Industrials,Industrial Machinery,"Lake Forest, Illinois",2019-08-09,832101,1988
International Flavors & Fragrances Inc.,IFF,0.093646,International Flavors & Fragrances,reports,Materials,Specialty Chemicals,"New York City, New York",1976-03-31,51253,1958 (1889)
Illumina Inc.,ILMN,0.151252,Illumina,reports,Health Care,Life Sciences Tools & Services,"San Diego, California",2015-11-19,1110803,1998
Incyte Corporation,INCY,0.035674,Incyte,reports,Health Care,Biotechnology,"Wilmington, Delaware",2017-02-28,879169,1991
IHS Markit Ltd.,INFO,0.132781,IHS Markit,reports,Industrials,Research & Consulting Services,"London, England",2017-06-02,1598014,1959
Intel Corporation,INTC,0.521546,Intel,reports,Information Technology,Semiconductors,"Santa Clara, California",1976-12-31,50863,1968
Intuit Inc.,INTU,0.441684,Intuit,reports,Information Technology,Application Software,"Mountain View, California",2000-12-05,896878,1983
International Paper Company,IP,0.044955,International Paper,reports,Materials,Paper Packaging,"Memphis, Tennessee",1957-03-04,51434,1898
Interpublic Group of Companies Inc.,IPG,0.036087,Interpublic Group,reports,Communication Services,Advertising,"New York City, New York",1992-10-01,51644,1961 (1930)
IPG Photonics Corporation,IPGP,0.015186,IPG Photonics,reports,Information Technology,Electronic Manufacturing Services,"Oxford, Massachusetts",2018-03-07,1111928,1990
IQVIA Holdings Inc,IQV,0.130955,IQVIA,reports,Health Care,Life Sciences Tools & Services,"Durham, North Carolina",2017-08-29,1478242,1982
Ingersoll Rand Inc.,IR,0.06052,Ingersoll Rand,reports,Industrials,Industrial Machinery,"Davidson, North Carolina",2020-03-03,1699150,1859
Iron Mountain Inc.,IRM,0.0382,Iron Mountain,reports,Real Estate,Specialized REITs,"Boston, Massachusetts",2009-01-06,1020569,1951
Intuitive Surgical Inc.,ISRG,0.305367,Intuitive Surgical,reports,Health Care,Health Care Equipment,"Sunnyvale, California",2008-06-02,1035267,1995
Gartner Inc.,IT,0.066619,Gartner,reports,Information Technology,IT Consulting & Other Services,"Stamford, Connecticut",2017-04-05,749251,1979
Illinois Tool Works Inc.,ITW,0.174249,Illinois Tool Works,reports,Industrials,Industrial Machinery,"Glenview, Illinois",1986-02-28,49826,1912
Invesco Ltd.,IVZ,0.019175,Invesco,reports,Financials,Asset Management & Custody Banks,"Atlanta, Georgia",2008-08-21,914208,1935
Jacobs Engineering Group Inc.,J,0.044653,Jacobs Engineering Group,reports,Industrials,Construction & Engineering,"Dallas, Texas",2007-10-26,52988,1947
J.B. Hunt Transport Services Inc.,JBHT,0.041404,J. B. Hunt,reports,Industrials,Trucking,"Lowell, Arkansas",2015-07-01,728535,1961
Johnson Controls International plc,JCI,0.139595,Johnson Controls,reports,Industrials,Building Products,"Cork, Ireland",2010-08-27,833444,1885
Jack Henry & Associates Inc.,JKHY,0.03125,Jack Henry & Associates,reports,Information Technology,Data Processing & Outsourced Services,"Monett, Missouri",2018-11-13,779152,1976
Johnson & Johnson,JNJ,1.141775,Johnson & Johnson,reports,Health Care,Pharmaceuticals,"New Brunswick, New Jersey",1973-06-30,200406,1886
Juniper Networks Inc.,JNPR,0.027829,Juniper Networks,reports,Information Technology,Communications Equipment,"Sunnyvale, California",2006-06-02,1043604,1996
JPMorgan Chase & Co.,JPM,1.176139,JPMorgan Chase,reports,Financials,Diversified Banks,"New York City, New York",1975-06-30,19617,2000 (1799 / 1871)
Kellogg Company,K,0.042205,Kellogg's,reports,Consumer Staples,Packaged Foods & Meats,"Battle Creek, Michigan",1989-09-11,55067,1906
KeyCorp,KEY,0.054471,KeyCorp,reports,Financials,Regional Banks,"Cleveland, Ohio",1994-03-01,91576,1825
Keysight Technologies Inc,KEYS,0.092344,Keysight Technologies,reports,Information Technology,Electronic Equipment & Instruments,"Santa Rosa, California",2018-11-06,1601046,2014
Kraft Heinz Company,KHC,0.064574,Kraft Heinz,reports,Consumer Staples,Packaged Foods & Meats,"Chicago, Illinois; Pittsburgh, Pennsylvania",2015-07-06,1637459,2015 (1869)
Kimco Realty Corporation,KIM,0.034815,Kimco Realty,reports,Real Estate,Retail REITs,"New Hyde Park, New York",2006-04-04,879101,1958
KLA Corporation,KLAC,0.15198,KLA Corporation,reports,Information Technology,Semiconductor Equipment,"Milpitas, California",,319201,1975/1977 (1997)
Kimberly-Clark Corporation,KMB,0.122822,Kimberly-Clark,reports,Consumer Staples,Household Products,"Irving, Texas",1957-03-04,55785,1872
Kinder Morgan Inc Class P,KMI,0.07667,Kinder Morgan,reports,Energy,Oil & Gas Storage & Transportation,"Houston, Texas",2012-05-25,1506307,1997
CarMax Inc.,KMX,0.055393,CarMax,reports,Consumer Discretionary,Specialty Stores,"Richmond, Virginia",2010-06-28,1170010,1993
Coca-Cola Company,KO,0.578324,Coca-Cola,reports,Consumer Staples,Soft Drinks,"Atlanta, Georgia",1957-03-04,21344,1886
Kroger Co.,KR,0.07986,Kroger,reports,Consumer Staples,Food Retail,"Cincinnati, Ohio",1957-03-04,56873,1883
Loews Corporation,L,0.029295,Loews Corporation,reports,Financials,Multi-line Insurance,"New York City, New York",,60086,1959
Leidos Holdings Inc.,LDOS,0.030637,Leidos,reports,Industrials,Diversified Support Services,"Reston, Virginia",2019-08-09,1336920,1969
Lennar Corporation Class A,LEN,0.075011,Lennar,reports,Consumer Discretionary,Homebuilding,"Miami, Florida",2005-10-04,920760,1954
Laboratory Corporation of America Holdings,LH,0.077208,LabCorp,reports,Health Care,Health Care Services,"Burlington, North Carolina",2004-11-01,920148,1978
L3Harris Technologies Inc,LHX,0.102476,L3Harris Technologies,reports,Industrials,Aerospace & Defense,"Melbourne, Florida",2008-09-22,202058,2019 (1895)
Linde plc,LIN,0.437713,Linde,reports,Materials,Industrial Gases,"Guildford, England",1992-07-01,1707925,1879
LKQ Corporation,LKQ,0.038699,LKQ Corporation,reports,Consumer Discretionary,Distributors,"Chicago, Illinois",2016-05-23,1065696,1998
Eli Lilly and Company,LLY,0.540861,Eli Lilly,reports,Health Care,Pharmaceuticals,"Indianapolis, Indiana",1970-12-31,59478,1876
Lockheed Martin Corporation,LMT,0.214577,Lockheed Martin,reports,Industrials,Aerospace & Defense,"Bethesda, Maryland",1984-07-31,936468,1995
Lincoln National Corporation,LNC,0.028659,Lincoln National,reports,Financials,Multi-line Insurance,"Radnor, Pennsylvania",1976-06-30,59558,1905
Alliant Energy Corp,LNT,0.038698,Alliant Energy,reports,Utilities,Electric Utilities,"Madison, Wisconsin",2016-07-01,352541,1917
Lowe's Companies Inc.,LOW,0.439674,Lowe's,reports,Consumer Discretionary,Home Improvement Retail,"Mooresville, North Carolina",1984-02-29,60667,1904/1946/1959
Lam Research Corporation,LRCX,0.240632,Lam Research,reports,Information Technology,Semiconductor Equipment,"Fremont, California",2012-06-29,707549,1980
Lumen Technologies Inc.,LUMN,0.029723,Lumen Technologies,reports,Communication Services,Alternative Carriers,"Monroe, Louisiana",1999-03-25,18926,1983 (1877)
Southwest Airlines Co.,LUV,0.060102,Southwest Airlines,reports,Industrials,Airlines,"Dallas, Texas",1994-07-01,92380,1967
Las Vegas Sands Corp.,LVS,0.029201,Las Vegas Sands,reports,Consumer Discretionary,Casinos & Gaming,"Las Vegas, Nevada",2019-10-03,1300514,1988
Lamb Weston Holdings Inc.,LW,0.022112,Lamb Weston,reports,Consumer Staples,Packaged Foods & Meats,"Eagle, Idaho",2018-12-03,1679273,2016 (1950)
LyondellBasell Industries NV,LYB,0.058162,LyondellBasell,reports,Materials,Specialty Chemicals,"Rotterdam, Netherlands",2012-09-05,1489393,2007
Live Nation Entertainment Inc.,LYV,0.036338,Live Nation Entertainment,reports,Communication Services,Movies & Entertainment,"Beverly Hills, California",2019-12-23,1335258,2010
Mastercard Incorporated Class A,MA,0.756995,Mastercard,reports,Information Technology,Data Processing & Outsourced Services,"Harrison, New York",2008-07-18,1141391,1966
Mid-America Apartment Communities Inc.,MAA,0.064995,Mid-America Apartments,reports,Real Estate,Residential REITs,"Memphis, Tennessee",2016-12-02,912595,1977
Marriott International Inc. Class A,MAR,0.105691,Marriott International,reports,Consumer Discretionary,"Hotels, Resorts & Cruise Lines","Bethesda, Maryland",,1048286,1927
Masco Corporation,MAS,0.041443,Masco,reports,Industrials,Building Products,"Livonia, Michigan",1981-06-30,62996,1929
McDonald's Corporation,MCD,0.505652,McDonald's,reports,Consumer Discretionary,Restaurants,"Chicago, Illinois",1970-06-30,63908,1940
Microchip Technology Incorporated,MCHP,0.118501,Microchip Technology,reports,Information Technology,Semiconductors,"Chandler, Arizona",2007-09-07,827054,1989
McKesson Corporation,MCK,0.093496,McKesson Corporation,reports,Health Care,Health Care Distributors,"Irving, Texas",,927653,1833
Moody's Corporation,MCO,0.161721,Moody's,reports,Financials,Financial Exchanges & Data,"New York City, New York",,1059556,1909
Mondelez International Inc. Class A,MDLZ,0.233706,Mondelez International,reports,Consumer Staples,Packaged Foods & Meats,"Chicago, Illinois",2012-10-02,1103982,2012
Medtronic Plc,MDT,0.346316,Medtronic,reports,Health Care,Health Care Equipment,"Dublin, Ireland",1986-10-31,1613103,1949
MetLife Inc.,MET,0.110135,MetLife,reports,Financials,Life & Health Insurance,"New York City, New York",,1099219,1868
MGM Resorts International,MGM,0.043574,MGM Resorts International,reports,Consumer Discretionary,Casinos & Gaming,"Paradise, Nevada",2017-07-26,789570,1986
Mohawk Industries Inc.,MHK,0.023661,Mohawk Industries,reports,Consumer Discretionary,Home Furnishings,"Calhoun, Georgia",2013-12-23,851968,1878
McCormick & Company Incorporated,MKC,0.060387,McCormick & Company,reports,Consumer Staples,Packaged Foods & Meats,"Hunt Valley, Maryland",2003-03-20,63754,1889
MarketAxess Holdings Inc.,MKTX,0.039542,MarketAxess,reports,Financials,Financial Exchanges & Data,"New York City, New York",2019-07-01,1278021,2000
Martin Marietta Materials Inc.,MLM,0.067996,Martin Marietta Materials,reports,Materials,Construction Materials,"Raleigh, North Carolina",2014-07-02,916076,1993
Marsh & McLennan Companies Inc.,MMC,0.220059,Marsh & McLennan,reports,Financials,Insurance Brokers,"New York City, New York",1987-08-31,62709,1905
3M Company,MMM,0.25784,3M,reports,Industrials,Industrial Conglomerates,"Saint Paul, Minnesota",1976-08-09,66740,1902
Monster Beverage Corporation,MNST,0.088116,Monster Beverage,reports,Consumer Staples,Soft Drinks,"Corona, California",2012-06-28,865752,2012 (1935)
Altria Group Inc,MO,0.228978,Altria Group,reports,Consumer Staples,Tobacco,"Richmond, Virginia",1957-03-04,764180,1985
Mosaic Company,MOS,0.034036,The Mosaic Company,reports,Materials,Fertilizers & Agricultural Chemicals,"Tampa, Florida",2011-09-26,1285785,2004 (1865 / 1909)
Marathon Petroleum Corporation,MPC,0.096927,Marathon Petroleum,reports,Energy,Oil & Gas Refining & Marketing,"Findlay, Ohio",2011-07-01,1510295,2009 (1887)
Monolithic Power Systems Inc.,MPWR,0.052694,Monolithic Power Systems,reports,Information Technology,Semiconductors,"Kirkland, Washington",2021-02-12,1280452,1997
Merck & Co. Inc.,MRK,0.498711,Merck,reports,Health Care,Pharmaceuticals,"Kenilworth, New Jersey",1957-03-04,310158,1891
Moderna Inc.,MRNA,0.25206,Moderna,reports,Health Care,Biotechnology,"Cambridge, Massachusetts",2021-07-21,1682852,2010
Marathon Oil Corporation,MRO,0.030228,Marathon Oil,reports,Energy,Oil & Gas Exploration & Production,"Houston, Texas",1991-05-01,101778,1887
Morgan Stanley,MS,0.353936,Morgan Stanley,reports,Financials,Investment Banking & Brokerage,"New York City, New York",,895421,1935
MSCI Inc. Class A,MSCI,0.123231,MSCI,reports,Financials,Financial Exchanges & Data,"New York City, New York",2018-04-04,1408198,1969
Microsoft Corporation,MSFT,6.20986,Microsoft,reports,Information Technology,Systems Software,"Redmond, Washington",1994-06-01,789019,1975
Motorola Solutions Inc.,MSI,0.111822,Motorola Solutions,reports,Information Technology,Communications Equipment,"Chicago, Illinois",,68505,1928 (2011)
M&T Bank Corporation,MTB,0.048071,M&T Bank,reports,Financials,Regional Banks,"Buffalo, New York",2004-02-23,36270,1856
Match Group Inc.,MTCH,0.092112,Match Group,reports,Communication Services,Interactive Media & Services,"Dallas, Texas",2021-09-20,891103,1986
Mettler-Toledo International Inc.,MTD,0.092795,Mettler Toledo,reports,Health Care,Life Sciences Tools & Services,"Columbus, Ohio",2016-09-06,1037646,1945
Micron Technology Inc.,MU,0.238345,Micron Technology,reports,Information Technology,Semiconductors,"Boise, Idaho",1994-09-27,723125,1978
Norwegian Cruise Line Holdings Ltd.,NCLH,0.019615,Norwegian Cruise Line Holdings,reports,Consumer Discretionary,"Hotels, Resorts & Cruise Lines","Miami, Florida",2017-10-13,1513761,2011 (1966)
Nasdaq Inc.,NDAQ,0.059546,Nasdaq,reports,Financials,Financial Exchanges & Data,"New York City, New York",2008-10-22,1120193,1971
NextEra Energy Inc.,NEE,0.456263,NextEra Energy,reports,Utilities,Multi-Utilities,"Juno Beach, Florida",1976-06-30,753308,1984 (1925)
Newmont Corporation,NEM,0.12109,Newmont,reports,Materials,Gold,"Denver, Colorado",1969-06-30,1164727,1921
Netflix Inc.,NFLX,0.67996,Netflix,reports,Communication Services,Movies & Entertainment,"Los Gatos, California",2010-12-20,1065280,1997
NiSource Inc,NI,0.027173,NiSource,reports,Utilities,Multi-Utilities,"Merrillville, Indiana",,1111711,1912
NIKE Inc. Class B,NKE,0.517535,Nike,reports,Consumer Discretionary,"Apparel, Accessories & Luxury Goods","Washington County, Oregon",1988-11-30,320187,1964
NortonLifeLock Inc.,NLOK,0.038671,NortonLifeLock,reports,Information Technology,Application Software,"Tempe, Arizona",2003-03-25,849399,1982
Nielsen Holdings Plc,NLSN,0.018482,Nielsen Holdings,reports,Industrials,Research & Consulting Services,"New York City, New York",2013-07-09,1492633,1923
Northrop Grumman Corporation,NOC,0.143679,Northrop Grumman,reports,Industrials,Aerospace & Defense,"West Falls Church, Virginia",1985-06-30,1133421,"1994 (Northrop 1939, Grumman 1930)"
ServiceNow Inc.,NOW,0.31147,ServiceNow,reports,Information Technology,Systems Software,"Santa Clara, California",2019-11-21,1373715,2003
NRG Energy Inc.,NRG,0.025642,NRG Energy,reports,Utilities,Independent Power Producers & Energy Traders,"Houston, Texas",2010-01-29,1013871,1992
Norfolk Southern Corporation,NSC,0.177062,Norfolk Southern,reports,Industrials,Railroads,"Norfolk, Virginia",1957-03-04,702165,1881/1894 (1980)
NetApp Inc.,NTAP,0.050653,NetApp,reports,Information Technology,"Technology Hardware, Storage & Peripherals","Sunnyvale, California",1999-06-25,1002047,1992
Northern Trust Corporation,NTRS,0.061573,Northern Trust,reports,Financials,Asset Management & Custody Banks,"Chicago, Illinois",,73124,1889
Nucor Corporation,NUE,0.082106,Nucor,reports,Materials,Steel,"Charlotte, North Carolina",1985-04-30,73309,1940
NVIDIA Corporation,NVDA,1.791664,Nvidia,reports,Information Technology,Semiconductors,"Santa Clara, California",2001-11-30,1045810,1993
NVR Inc.,NVR,0.048823,NVR,reports,Consumer Discretionary,Homebuilding,"Reston, Virginia",2019-09-26,906163,1980
Newell Brands Inc,NWL,0.020208,Newell Brands,reports,Consumer Discretionary,Housewares & Specialties,"Atlanta, Georgia",1989-04-30,814453,1903
News Corporation Class B,NWS,0.006729,News Corp (Class B),reports,Communication Services,Publishing,"New York City, New York",2015-09-18,1564708,2013 (1980)
News Corporation Class A,NWSA,0.021228,News Corp (Class A),reports,Communication Services,Publishing,"New York City, New York",2013-08-01,1564708,2013 (1980)
NXP Semiconductors NV,NXPI,0.148953,NXP,reports,Information Technology,Semiconductors,"Eindhoven, Netherlands",2021-03-22,1413447,1953
Realty Income Corporation,O,0.098396,Realty Income Corporation,reports,Real Estate,Retail REITs,"San Diego, California",2015-04-07,726728,1969
Old Dominion Freight Line Inc.,ODFL,0.080801,Old Dominion Freight Line,reports,Industrials,Trucking,"Thomasville, North Carolina",2019-12-09,878927,1934
Organon & Co.,OGN,0.019303,Organon & Co.,reports,Health Care,Pharmaceuticals,"Jersey City, New Jersey",2021-06-03,1821825,2021
ONEOK Inc.,OKE,0.065028,Oneok,reports,Energy,Oil & Gas Storage & Transportation,"Tulsa, Oklahoma",2010-03-15,1039684,1906
Omnicom Group Inc,OMC,0.038993,Omnicom Group,reports,Communication Services,Advertising,"New York City, New York",,29989,1986
Oracle Corporation,ORCL,0.382101,Oracle,reports,Information Technology,Application Software,"Austin, Texas",1989-08-31,1341439,1977
O'Reilly Automotive Inc.,ORLY,0.117169,O'Reilly Automotive,reports,Consumer Discretionary,Specialty Stores,"Springfield, Missouri",2009-03-27,898173,1957
Otis Worldwide Corporation,OTIS,0.090682,Otis Worldwide,reports,Industrials,Industrial Machinery,"Farmington, Connecticut",2020-04-03,1781335,2020 (1853)
Occidental Petroleum Corporation,OXY,0.061772,Occidental Petroleum,reports,Energy,Oil & Gas Exploration & Production,"Houston, Texas",1982-12-31,797468,1920
Paycom Software Inc.,PAYC,0.04967,Paycom,reports,Information Technology,Application Software,"Oklahoma City, Oklahoma",2020-01-28,1590955,1998
Paychex Inc.,PAYX,0.102328,Paychex,reports,Information Technology,Data Processing & Outsourced Services,"Penfield, New York",,723531,1971
People's United Financial Inc.,PBCT,0.018331,People's United Financial,reports,Financials,Thrifts & Mortgage Finance,"Bridgeport, Connecticut",2008-11-13,1378946,1842
PACCAR Inc,PCAR,0.073585,Paccar,reports,Industrials,Construction Machinery & Heavy Trucks,"Bellevue, Washington",1980-12-31,75362,1905
Healthpeak Properties Inc.,PEAK,0.048526,Healthpeak Properties,reports,Real Estate,Health Care REITs,"Long Beach, California",2008-03-31,765880,1985
Public Service Enterprise Group Inc,PEG,0.083632,Public Service Enterprise Group,reports,Utilities,Electric Utilities,"Newark, New Jersey",1957-03-04,788784,1903
Penn National Gaming Inc.,PENN,0.020152,Penn National Gaming,reports,Consumer Discretionary,Casinos & Gaming,"Wyomissing, Pennsylvania",2021-03-22,921738,1972
PepsiCo Inc.,PEP,0.605635,PepsiCo,reports,Consumer Staples,Soft Drinks,"Purchase, New York",1957-03-04,77476,1898
Pfizer Inc.,PFE,0.885506,Pfizer,reports,Health Care,Pharmaceuticals,"New York City, New York",1957-03-04,78003,1849
Principal Financial Group Inc.,PFG,0.043106,Principal Financial Group,reports,Financials,Life & Health Insurance,"Des Moines, Iowa",2002-07-22,1126328,1879
Procter & Gamble Company,PG,0.988008,Procter & Gamble,reports,Consumer Staples,Personal Products,"Cincinnati, Ohio",1957-03-04,80424,1837
Progressive Corporation,PGR,0.15332,Progressive Corporation,reports,Financials,Property & Casualty Insurance,"Mayfield Village, Ohio",1997-08-04,80661,1937
Parker-Hannifin Corporation,PH,0.09873,Parker-Hannifin,reports,Industrials,Industrial Machinery,"Cleveland, Ohio",1985-11-30,76334,1917
PulteGroup Inc.,PHM,0.034479,PulteGroup,reports,Consumer Discretionary,Homebuilding,"Atlanta, Georgia",1984-04-30,822416,1956
Packaging Corporation of America,PKG,0.031637,Packaging Corporation of America,reports,Materials,Paper Packaging,"Lake Forest, Illinois",2017-07-26,75677,1959
PerkinElmer Inc.,PKI,0.061439,PerkinElmer,reports,Health Care,Health Care Equipment,"Waltham, Massachusetts",1985-05-31,31791,1937
Prologis Inc.,PLD,0.307621,Prologis,reports,Real Estate,Industrial REITs,"San Francisco, California",2003-07-17,1045609,1983
Philip Morris International Inc.,PM,0.373162,Philip Morris International,reports,Consumer Staples,Tobacco,"New York City, New York",2008-03-31,1413329,2008 (1847)
PNC Financial Services Group Inc.,PNC,0.211182,PNC Financial Services,reports,Financials,Regional Banks,"Pittsburgh, Pennsylvania",1988-04-30,713676,1845
Pentair plc,PNR,0.029537,Pentair,reports,Industrials,Industrial Machinery,"Worsley, England",2012-10-01,77360,1966
Pinnacle West Capital Corporation,PNW,0.019821,Pinnacle West Capital,reports,Utilities,Multi-Utilities,"Phoenix, Arizona",,764622,1985
Pool Corporation,POOL,0.055749,Pool Corporation,reports,Consumer Discretionary,Distributors,"Covington, Louisiana",2020-10-07,945841,1993
PPG Industries Inc.,PPG,0.09843,PPG Industries,reports,Materials,Specialty Chemicals,"Pittsburgh, Pennsylvania",1957-03-04,79879,1883
PPL Corporation,PPL,0.05859,PPL,reports,Utilities,Electric Utilities,"Allentown, Pennsylvania",,922224,1920
Prudential Financial Inc.,PRU,0.099291,Prudential Financial,reports,Financials,Life & Health Insurance,"Newark, New Jersey",2002-07-22,1137774,1875
Public Storage,PSA,0.143946,Public Storage,reports,Real Estate,Specialized REITs,"Glendale, California",2005-08-19,1393311,1972
Phillips 66,PSX,0.078475,Phillips 66,reports,Energy,Oil & Gas Refining & Marketing,"Houston, Texas",2012-05-01,1534701,2012 (1917)
PTC Inc.,PTC,0.032772,PTC,reports,Information Technology,Application Software,"Boston, Massachusetts",2021-04-20,857005,1985
PVH Corp.,PVH,0.017466,PVH,reports,Consumer Discretionary,"Apparel, Accessories & Luxury Goods","New York City, New York",2013-02-15,78239,1881
Quanta Services Inc.,PWR,0.038675,Quanta Services,reports,Industrials,Construction & Engineering,"Houston, Texas",2009-07-01,1050915,1997
Pioneer Natural Resources Company,PXD,0.101098,Pioneer Natural Resources,reports,Energy,Oil & Gas Exploration & Production,"Irving, Texas",2008-09-24,1038357,1997
PayPal Holdings Inc.,PYPL,0.554926,PayPal,reports,Information Technology,Data Processing & Outsourced Services,"San Jose, California",2015-07-20,1633917,1998
Qualcomm Inc,QCOM,0.511562,Qualcomm,reports,Information Technology,Semiconductors,"San Diego, California",,804328,1985
Qorvo Inc.,QRVO,0.042059,Qorvo,reports,Information Technology,Semiconductors,"Greensboro, North Carolina",2015-06-11,1604778,2015
Royal Caribbean Group,RCL,0.04139,Royal Caribbean Group,reports,Consumer Discretionary,"Hotels, Resorts & Cruise Lines","Miami, Florida",2014-12-05,884887,1997
Everest Re Group Ltd.,RE,0.026905,Everest Re,reports,Financials,Reinsurance,"Hamilton, Bermuda",2017-06-19,1095073,1973
Regency Centers Corporation,REG,0.027653,Regency Centers,reports,Real Estate,Retail REITs,"Jacksonville, Florida",2017-03-02,910606,1963
Regeneron Pharmaceuticals Inc.,REGN,0.163648,Regeneron Pharmaceuticals,reports,Health Care,Biotechnology,"Tarrytown, New York",2013-05-01,872589,1988
Regions Financial Corporation,RF,0.050971,Regions Financial Corporation,reports,Financials,Regional Banks,"Birmingham, Alabama",1998-08-28,1281761,1971
Robert Half International Inc.,RHI,0.030645,Robert Half International,reports,Industrials,Human Resource & Employment Services,"Menlo Park, California",2000-12-05,315213,1948
Raymond James Financial Inc.,RJF,0.045383,Raymond James Financial,reports,Financials,Investment Banking & Brokerage,"St. Petersburg, Florida",2017-03-20,720005,1962
Ralph Lauren Corporation Class A,RL,0.013653,Ralph Lauren Corporation,reports,Consumer Discretionary,"Apparel, Accessories & Luxury Goods","New York City, New York",2007-02-02,1037038,1967
ResMed Inc.,RMD,0.093142,ResMed,reports,Health Care,Health Care Equipment,"San Diego, California",2017-07-26,943819,1989
Rockwell Automation Inc.,ROK,0.10079,Rockwell Automation,reports,Industrials,Electrical Components & Equipment,"Milwaukee, Wisconsin",,1024478,1903
Rollins Inc.,ROL,0.018526,Rollins,reports,Industrials,Environmental & Facilities Services,"Atlanta, Georgia",2018-10-01,84839,1948
Roper Technologies Inc.,ROP,0.127075,Roper Technologies,reports,Industrials,Industrial Conglomerates,"Sarasota, Florida",2009-12-23,882835,1981
Ross Stores Inc.,ROST,0.097584,Ross Stores,reports,Consumer Discretionary,Apparel Retail,"Dublin, California",2009-12-21,745732,1982
Republic Services Inc.,RSG,0.072513,Republic Services,reports,Industrials,Environmental & Facilities Services,"Phoenix, Arizona",2008-12-05,1060391,1998 (1981)
Raytheon Technologies Corporation,RTX,0.315029,Raytheon Technologies,reports,Industrials,Aerospace & Defense,"Waltham, Massachusetts",,101829,1922
SBA Communications Corp. Class A,SBAC,0.10584,SBA Communications,reports,Real Estate,Specialized REITs,"Boca Raton, Florida",2017-09-01,1034054,1989
Starbucks Corporation,SBUX,0.328613,Starbucks,reports,Consumer Discretionary,Restaurants,"Seattle, Washington",,829224,1971
Charles Schwab Corporation,SCHW,0.313595,Charles Schwab,reports,Financials,Investment Banking & Brokerage,"Westlake, Texas",1997-06-02,316709,1971
Sealed Air Corporation,SEE,0.024798,Sealed Air,reports,Materials,Paper Packaging,"Charlotte, North Carolina",1957-03-04,1012100,1960
Sherwin-Williams Company,SHW,0.209115,Sherwin-Williams,reports,Materials,Specialty Chemicals,"Cleveland, Ohio",1964-06-30,89800,1866
SVB Financial Group,SIVB,0.09651,SVB Financial,reports,Financials,Regional Banks,"Santa Clara, California",2018-03-19,719739,1983
J.M. Smucker Company,SJM,0.03777,JM Smucker,reports,Consumer Staples,Packaged Foods & Meats,"Orrville, Ohio",2008-11-06,91419,1897
Schlumberger NV,SLB,0.10276,Schlumberger,reports,Energy,Oil & Gas Equipment & Services,"Curaçao, Kingdom of the Netherlands",1965-03-31,87347,1926
Snap-on Incorporated,SNA,0.028497,Snap-on,reports,Industrials,Industrial Machinery,"Kenosha, Wisconsin",1982-09-30,91440,1920
Synopsys Inc.,SNPS,0.136321,Synopsys,reports,Information Technology,Application Software,"Mountain View, California",2017-03-16,883241,1986
Southern Company,SO,0.183424,Southern Company,reports,Utilities,Electric Utilities,"Atlanta, Georgia",1957-03-04,92122,1945
Simon Property Group Inc.,SPG,0.12406,Simon Property Group,reports,Real Estate,Retail REITs,"Indianapolis, Indiana",2002-06-26,1063761,2003
S&P Global Inc.,SPGI,0.286277,S&P Global,reports,Financials,Financial Exchanges & Data,"New York City, New York",,64040,1917
Sempra Energy,SRE,0.104575,Sempra Energy,reports,Utilities,Multi-Utilities,"San Diego, California",,1032208,1998
STERIS Plc,STE,0.057502,Steris,reports,Health Care,Health Care Equipment,"Dublin, Ireland",2019-12-23,1757898,1985
State Street Corporation,STT,0.085029,State Street Corporation,reports,Financials,Asset Management & Custody Banks,"Boston, Massachusetts",,93751,1792
Seagate Technology Holdings PLC,STX,0.054537,Seagate Technology,reports,Information Technology,"Technology Hardware, Storage & Peripherals","Dublin, Ireland",2012-07-02,1137789,1979
Constellation Brands Inc. Class A,STZ,0.10168,Constellation Brands,reports,Consumer Staples,Distillers & Vintners,"Victor, New York",2005-07-01,16918,1945
Stanley Black & Decker Inc.,SWK,0.074458,Stanley Black & Decker,reports,Industrials,Industrial Machinery,"New Britain, Connecticut",1982-09-30,93556,1843
Skyworks Solutions Inc.,SWKS,0.063897,Skyworks Solutions,reports,Information Technology,Semiconductors,"Woburn, Massachusetts",2015-03-12,4127,2002
Synchrony Financial,SYF,0.062556,Synchrony Financial,reports,Financials,Consumer Finance,"Stamford, Connecticut",2015-11-18,1601712,2003
Stryker Corporation,SYK,0.214624,Stryker Corporation,reports,Health Care,Health Care Equipment,"Kalamazoo, Michigan",2000-12-12,310764,1941
Sysco Corporation,SYY,0.094023,Sysco,reports,Consumer Staples,Food Distributors,"Houston, Texas",1986-12-31,96021,1969
AT&T Inc.,T,0.445329,AT&T,reports,Communication Services,Integrated Telecommunication Services,"Dallas, Texas",1983-11-30 (1957-03-04),732717,1983 (1885)
Molson Coors Beverage Company Class B,TAP,0.021229,Molson Coors,reports,Consumer Staples,Brewers,"Chicago, Illinois",1976-06-30,24545,"2005 (Molson 1786, Coors 1873)"
TransDigm Group Incorporated,TDG,0.078543,TransDigm Group,reports,Industrials,Aerospace & Defense,"Cleveland, Ohio",2016-06-03,1260221,1993
Teledyne Technologies Incorporated,TDY,0.04963,Teledyne Technologies,reports,Industrials,Aerospace & Defense,"Thousand Oaks, California",2020-06-22,1094285,1960
Bio-Techne Corporation,TECH,0.046711,Bio-Techne,reports,Health Care,Life Sciences Tools & Services,"Minneapolis, Minnesota",2021-08-30,842023,1976
TE Connectivity Ltd.,TEL,0.129572,TE Connectivity,reports,Information Technology,Electronic Manufacturing Services,"Schaffhausen, Switzerland",2011-10-17,1385157,2007
Teradyne Inc.,TER,0.065619,Teradyne,reports,Information Technology,Semiconductor Equipment,"North Reading, Massachusetts",2020-09-21,97210,1960
Truist Financial Corporation,TFC,0.191791,Truist Financial,reports,Financials,Regional Banks,"Charlotte, North Carolina",1997-12-04,92230,1872
Teleflex Incorporated,TFX,0.037702,Teleflex,reports,Health Care,Health Care Equipment,"Wayne, Pennsylvania",2019-01-18,96943,1943
Target Corporation,TGT,0.276557,Target,reports,Consumer Discretionary,General Merchandise Stores,"Minneapolis, Minnesota",1976-12-31,27419,1902
TJX Companies Inc,TJX,0.225693,TJX Companies,reports,Consumer Discretionary,Apparel Retail,"Framingham, Massachusetts",1985-09-30,109198,1987
Thermo Fisher Scientific Inc.,TMO,0.661512,Thermo Fisher Scientific,reports,Health Care,Life Sciences Tools & Services,"Waltham, Massachusetts",2004-08-03,97745,2006 (1902)
T-Mobile US Inc.,TMUS,0.18013,T-Mobile US,reports,Communication Services,Wireless Telecommunication Services,"Bellevue, Washington",2019-07-15,1283699,1994
Tapestry Inc.,TPR,0.028411,Tapestry,reports,Consumer Discretionary,"Apparel, Accessories & Luxury Goods","New York City, New York",,1116132,2017
Trimble Inc.,TRMB,0.054336,Trimble,reports,Information Technology,Electronic Equipment & Instruments,"Sunnyvale, California",2021-01-21,864749,1978
T. Rowe Price Group,TROW,0.110601,T. Rowe Price,reports,Financials,Asset Management & Custody Banks,"Baltimore, Maryland",,1113169,1937
Travelers Companies Inc.,TRV,0.098834,The Travelers Companies,reports,Financials,Property & Casualty Insurance,"New York City, New York",2002-08-21,86312,1853
Tractor Supply Company,TSCO,0.065597,Tractor Supply Company,reports,Consumer Discretionary,Specialty Stores,"Brentwood, Tennessee",2014-01-24,916365,1938
Tesla Inc,TSLA,1.892696,Tesla,reports,Consumer Discretionary,Automobile Manufacturers,"Palo Alto, California",2020-12-21,1318605,2003
Tyson Foods Inc. Class A,TSN,0.064555,Tyson Foods,reports,Consumer Staples,Packaged Foods & Meats,"Springdale, Arkansas",2005-08-10,100493,1935
Trane Technologies plc,TT,0.117606,Trane Technologies,reports,Industrials,Building Products,"Dublin, Ireland",2010-11-17,1466258,1871
Take-Two Interactive Software Inc.,TTWO,0.053415,Take-Two Interactive,reports,Communication Services,Interactive Home Entertainment,"New York City, New York",2018-03-19,946581,1993
Twitter Inc.,TWTR,0.088514,Twitter,reports,Communication Services,Interactive Media & Services,"San Francisco, California",2018-06-07,1418091,2006
Texas Instruments Incorporated,TXN,0.439912,Texas Instruments,reports,Information Technology,Semiconductors,"Dallas, Texas",,97476,1930
Textron Inc.,TXT,0.041801,Textron,reports,Industrials,Aerospace & Defense,"Providence, Rhode Island",1978-12-31,217346,1923
Tyler Technologies Inc.,TYL,0.052774,Tyler Technologies,reports,Information Technology,Application Software,"Plano, Texas",2020-06-22,860731,1966
Under Armour Inc. Class C,UA,0.008718,Under Armour (Class C),reports,Consumer Discretionary,"Apparel, Accessories & Luxury Goods","Baltimore, Maryland",2016-04-08,1336917,1996
Under Armour Inc. Class A,UAA,0.009796,Under Armour (Class A),reports,Consumer Discretionary,"Apparel, Accessories & Luxury Goods","Baltimore, Maryland",2014-05-01,1336917,1996
United Airlines Holdings Inc.,UAL,0.034073,United Airlines,reports,Industrials,Airlines,"Chicago, Illinois",2015-09-03,100517,1967
UDR Inc.,UDR,0.043356,UDR,reports,Real Estate,Residential REITs,"Highlands Ranch, Colorado",2016-03-07,74208,1972
Universal Health Services Inc. Class B,UHS,0.024409,Universal Health Services,reports,Health Care,Health Care Facilities,"King of Prussia, Pennsylvania",2014-09-20,352915,1979
Ulta Beauty Inc,ULTA,0.051696,Ulta Beauty,reports,Consumer Discretionary,Specialty Stores,"Bolingbrook, Illinois",2016-04-18,1403568,1990
UnitedHealth Group Incorporated,UNH,1.177921,UnitedHealth Group,reports,Health Care,Managed Health Care,"Minnetonka, Minnesota",1994-07-01,731766,1977
Union Pacific Corporation,UNP,0.399944,Union Pacific,reports,Industrials,Railroads,"Omaha, Nebraska",1957-03-04,100885,1862
United Parcel Service Inc. Class B,UPS,0.381623,United Parcel Service,reports,Industrials,Air Freight & Logistics,"Sandy Springs, Georgia",2002-07-22,1090727,1907
United Rentals Inc.,URI,0.06012,United Rentals,reports,Industrials,Trading Companies & Distributors,"Stamford, Connecticut",2014-09-20,1067701,1997
U.S. Bancorp,USB,0.191073,U.S. Bancorp,reports,Financials,Diversified Banks,"Minneapolis, Minnesota",,36104,1968
Visa Inc. Class A,V,0.905019,Visa,reports,Information Technology,Data Processing & Outsourced Services,"San Francisco, California",2009-12-21,1403161,1958
V.F. Corporation,VFC,0.056861,VF Corporation,reports,Consumer Discretionary,"Apparel, Accessories & Luxury Goods","Denver, Colorado",1979-06-30,103379,1899
ViacomCBS Inc. Class B,VIAC,0.044845,ViacomCBS,reports,Communication Services,Movies & Entertainment,"New York City, New York",,813828,2019 (1952)
Valero Energy Corporation,VLO,0.072479,Valero Energy,reports,Energy,Oil & Gas Refining & Marketing,"San Antonio, Texas",,1035002,1980
Vulcan Materials Company,VMC,0.068076,Vulcan Materials,reports,Materials,Construction Materials,"Birmingham, Alabama",1999-06-30,1396009,1909
Vornado Realty Trust,VNO,0.016135,Vornado Realty Trust,reports,Real Estate,Office REITs,"New York City, New York",,899689,1982
Verisk Analytics Inc,VRSK,0.092141,Verisk Analytics,reports,Industrials,Research & Consulting Services,"Jersey City, New Jersey",2015-10-08,1442145,1971
VeriSign Inc.,VRSN,0.060569,Verisign,reports,Information Technology,Internet Services & Infrastructure,"Dulles, Virginia",2006-02-01,1014473,1995
Vertex Pharmaceuticals Incorporated,VRTX,0.141591,Vertex Pharmaceuticals,reports,Health Care,Biotechnology,"Cambridge, Massachusetts",2013-09-23,875320,1989
Ventas Inc.,VTR,0.049655,Ventas,reports,Real Estate,Health Care REITs,"Chicago, Illinois",2009-03-04,740260,1998
Viatris Inc.,VTRS,0.039814,Viatris,reports,Health Care,Pharmaceuticals,"Pittsburgh, Pennsylvania",2004-04-23,1792044,1961
Verizon Communications Inc.,VZ,0.56828,Verizon Communications,reports,Communication Services,Integrated Telecommunication Services,"New York City, New York",1983-11-30,732712,1983 (1877)
Westinghouse Air Brake Technologies Corporation,WAB,0.042354,Wabtec,reports,Industrials,Construction Machinery & Heavy Trucks,"Pittsburgh, Pennsylvania",2019-02-27,943452,1999 (1869)
Waters Corporation,WAT,0.054989,Waters Corporation,reports,Health Care,Health Care Distributors,"Milford, Massachusetts",,1000697,1958
Walgreens Boots Alliance Inc,WBA,0.090476,Walgreens Boots Alliance,reports,Consumer Staples,Drug Retail,"Deerfield, Illinois",1979-12-31,1618921,2014
Western Digital Corporation,WDC,0.044202,Western Digital,reports,Information Technology,"Technology Hardware, Storage & Peripherals","San Jose, California",2009-07-01,106040,1970
WEC Energy Group Inc,WEC,0.078375,WEC Energy Group,reports,Utilities,Electric Utilities,"Milwaukee, Wisconsin",2008-10-31,783325,1896
Welltower Inc.,WELL,0.090412,Welltower,reports,Real Estate,Health Care REITs,"Toledo, Ohio",2009-01-30,766704,1970
Wells Fargo & Company,WFC,0.482899,Wells Fargo,reports,Financials,Diversified Banks,"San Francisco, California",1976-06-30,72971,1852
Whirlpool Corporation,WHR,0.035625,Whirlpool Corporation,reports,Consumer Discretionary,Household Appliances,"Benton Harbor, Michigan",,106640,1911
Willis Towers Watson Public Limited Company,WLTW,0.074713,Willis Towers Watson,reports,Financials,Insurance Brokers,"London, England",2016-01-05,1140536,2016
Waste Management Inc.,WM,0.160565,Waste Management,reports,Industrials,Environmental & Facilities Services,"Houston, Texas",,823768,1968
Williams Companies Inc.,WMB,0.079492,Williams Companies,reports,Energy,Oil & Gas Storage & Transportation,"Tulsa, Oklahoma",1975-03-31,107263,1908
Walmart Inc.,WMT,0.512917,Walmart,reports,Consumer Staples,Hypermarkets & Super Centers,"Bentonville, Arkansas",1982-08-31,104169,1962
W. R. Berkley Corporation,WRB,0.028492,W. R. Berkley Corporation,reports,Financials,Property & Casualty Insurance,"Greenwich, Connecticut",2019-12-05,11544,1967
WestRock Company,WRK,0.02912,WestRock,reports,Materials,Paper Packaging,"Atlanta, Georgia",,1732845,2015
West Pharmaceutical Services Inc.,WST,0.083809,West Pharmaceutical Services,reports,Health Care,Health Care Supplies,"Exton, Pennsylvania",2020-05-22,105770,1923
Weyerhaeuser Company,WY,0.073778,Weyerhaeuser,reports,Real Estate,Specialized REITs,"Seattle, Washington",,106535,1900
Wynn Resorts Limited,WYNN,0.022099,Wynn Resorts,reports,Consumer Discretionary,Casinos & Gaming,"Paradise, Nevada",2008-11-14,1174922,2002
Xcel Energy Inc.,XEL,0.093276,Xcel Energy,reports,Utilities,Multi-Utilities,"Minneapolis, Minnesota",1957-03-04,72903,1909
Xilinx Inc.,XLNX,0.125349,Xilinx,reports,Information Technology,Semiconductors,"San Jose, California",1999-11-08,743988,1984
Exxon Mobil Corporation,XOM,0.647539,ExxonMobil,reports,Energy,Integrated Oil & Gas,"Irving, Texas",1957-03-04,34088,1999
DENTSPLY SIRONA Inc.,XRAY,0.029658,Dentsply Sirona,reports,Health Care,Health Care Supplies,"Charlotte, North Carolina",2008-11-14,818479,2016 (1969)
Xylem Inc.,XYL,0.053038,Xylem,reports,Industrials,Industrial Machinery,"White Plains, New York",2011-11-01,1524472,2011
Yum! Brands Inc.,YUM,0.100377,Yum! Brands,reports,Consumer Discretionary,Restaurants,"Louisville, Kentucky",1997-10-06,1041061,1997
Zimmer Biomet Holdings Inc.,ZBH,0.064069,Zimmer Biomet,reports,Health Care,Health Care Equipment,"Warsaw, Indiana",2001-08-07,1136869,1927
Zebra Technologies Corporation Class A,ZBRA,0.078643,Zebra Technologies,reports,Information Technology,Electronic Equipment & Instruments,"Lincolnshire, Illinois",2019-12-23,877212,1969
Zions Bancorporation N.A.,ZION,0.024844,Zions Bancorp,reports,Financials,Regional Banks,"Salt Lake City, Utah",2001-06-22,109380,1873
Zoetis Inc. Class A,ZTS,0.286552,Zoetis,reports,Health Care,Pharmaceuticals,"Parsippany, New Jersey",2013-06-21,1555280,1952
